Filename,Author,Title,Date,URL,URL(text-only)
church-ridgel-ridgel.xml,Alfred Lee Ridgel,Africa and African Methodism,1896,http://docsouth.unc.edu/church/ridgel/menu.html,http://docsouth.unc.edu/full-text/church-southern-black-community/data/texts/church-ridgel-ridgel.txt
church-bowen-bowen.xml,J. W. E. Bowen,"Africa and the American Negro: Addresses and Proceedings of the Congress on Africa: Held under the Auspices of the Stewart Missionary Foundation for Africa of Gammon Theological Seminary in Connection with the Cotton States and International Exposition December 13-15, 1895",1896,http://docsouth.unc.edu/church/bowen/menu.html,http://docsouth.unc.edu/full-text/church-southern-black-community/data/texts/church-bowen-bowen.txt
neh-johnsontl-johnsontl.xml,Thomas L. Johnson,Africa for Christ. Twenty-Eight Years a Slave,1892,http://docsouth.unc.edu/neh/johnsontl/menu.html,http://docsouth.unc.edu/full-text/church-southern-black-community/data/texts/neh-johnsontl-johnsontl.txt
church-turneral-turner.xml,Henry McNeal Turner,African Letters,1893,http://docsouth.unc.edu/church/turneral/menu.html,http://docsouth.unc.edu/full-text/church-southern-black-community/data/texts/church-turneral-turner.txt
church-gaineswj-gaines.xml,W. J. Gaines,"African Methodism in the South; or, Twenty-Five Years of Freedom",1890,http://docsouth.unc.edu/church/gaineswj/menu.html,http://docsouth.unc.edu/full-text/church-southern-black-community/data/texts/church-gaineswj-gaines.txt
neh-white-white.xml,William S. White,The African Preacher. An Authentic Narrative, [c1849],http://docsouth.unc.edu/neh/white/menu.html,http://docsouth.unc.edu/full-text/church-southern-black-community/data/texts/neh-white-white.txt
church-haley-haley.xml,James T. Haley,"Afro-American Encyclopaedia; Or, the Thoughts, Doings, and Sayings of the Race, Embracing Lectures, Biographical Sketches, Sermons, Poems, Names of Universities, Colleges, Seminaries, Newspapers, Books, and a History of the Denominations, Giving the Numerical Strength of Each. In Fact, it Teaches Every Subject of Interest to the Colored People, as Discussed by More Than One Hundred of Their Wisest and Best Men and Women.",1895,http://docsouth.unc.edu/church/haley/menu.html,http://docsouth.unc.edu/full-text/church-southern-black-community/data/texts/church-haley-haley.txt
church-thomas-thomas.xml,William Hannibal Thomas,"The American Negro: What He Was, What He Is, and What He May Become: A Critical and Practical Discussion",1901,http://docsouth.unc.edu/church/thomas/menu.html,http://docsouth.unc.edu/full-text/church-southern-black-community/data/texts/church-thomas-thomas.txt
church-davenport-davenport.xml,W. H. Davenport,The Anthology of Zion Methodism with an Appendix,1925,http://docsouth.unc.edu/church/davenport/menu.html,http://docsouth.unc.edu/full-text/church-southern-black-community/data/texts/church-davenport-davenport.txt
church-tanner-tanner.xml,Benj. T. Tanner,An Apology for African Methodism,1867,http://docsouth.unc.edu/church/tanner/menu.html,http://docsouth.unc.edu/full-text/church-southern-black-community/data/texts/church-tanner-tanner.txt
neh-jamison-jamison.xml,M. F. Jamison,"Autobiography and Work of Bishop M. F. Jamison, D.D. (""Uncle Joe"") Editor, Publisher, and Church Extension Secretary; a Narration of His Whole Career from the Cradle to the Bishopric of the Colored M. E. Church in America", 1912,http://docsouth.unc.edu/neh/jamison/menu.html,http://docsouth.unc.edu/full-text/church-southern-black-community/data/texts/neh-jamison-jamison.txt
fpn-lane-lane.xml,Isaac  Lane,"Autobiography of Bishop Isaac Lane, LL.D. with a Short History of the C.M.E. Church in America and of Methodism",1916,http://docsouth.unc.edu/fpn/lane/menu.html,http://docsouth.unc.edu/full-text/church-southern-black-community/data/texts/fpn-lane-lane.txt
neh-holsey-holsey.xml,Lucius Henry Holsey,"Autobiography, Sermons, Addresses, and Essays of Bishop L. H. Holsey, D. D.", 1898,http://docsouth.unc.edu/neh/holsey/menu.html,http://docsouth.unc.edu/full-text/church-southern-black-community/data/texts/neh-holsey-holsey.txt
neh-smitham-smith.xml,Amanda  Smith,"An Autobiography: The Story of the Lord's Dealings with Mrs. Amanda Smith, the Colored Evangelist: Containing an Account of Her Life Work of Faith, and Her Travels in America, England, Ireland, Scotland, India, and Africa as an Independent Missionary",1893,http://docsouth.unc.edu/neh/smitham/menu.html,http://docsouth.unc.edu/full-text/church-southern-black-community/data/texts/neh-smitham-smith.txt
church-turnerbd-turner.xml,Henry McNeal Turner,"The Barbarous Decision of the United States Supreme Court Declaring the Civil Rights Act Unconstitutional and Disrobing the Colored Race of All Civil Protection. The Most Cruel and Inhuman Verdict Against a Loyal People in the History of the World.  Also the Powerful Speeches of Hon. Frederick Douglass and Col. Robert G. Ingersoll, Jurist and Famous Orator.",1893,http://docsouth.unc.edu/church/turnerbd/menu.html,http://docsouth.unc.edu/full-text/church-southern-black-community/data/texts/church-turnerbd-turner.txt
church-phoebus-phoebus.xml,Ezekiel  Cooper,"Beams of Light on Early Methodism in America. Chiefly Drawn from the Diary, Letters, Manuscripts, Documents, and Original Tracts of the Rev. Ezekiel Cooper",1887,http://docsouth.unc.edu/church/phoebus/menu.html,http://docsouth.unc.edu/full-text/church-southern-black-community/data/texts/church-phoebus-phoebus.txt
neh-thompsch-thompsch.xml,Charles  Thompson,"Biography of a Slave; Being the Experiences of Rev. Charles Thompson, a Preacher of the United Brethren Church, While a Slave in the South. Together with Startling Occurrences Incidental to Slave Life",1875,http://docsouth.unc.edu/neh/thompsch/menu.html,http://docsouth.unc.edu/full-text/church-southern-black-community/data/texts/neh-thompsch-thompsch.txt
neh-taylor-taylor.xml,James B. Taylor,"Biography of Elder Lott Cary, Late Missionary to Africa. With an Appendix on the Subject of Colonization, by J.H.B. Latrobe",1837,http://docsouth.unc.edu/neh/taylor/menu.html,http://docsouth.unc.edu/full-text/church-southern-black-community/data/texts/neh-taylor-taylor.txt
neh-ferrill-ferrill.xml,  No Author,"Biography of London Ferrill, Pastor of the First Baptist Church of Colored Persons, Lexington, KY",1854,http://docsouth.unc.edu/neh/ferrill/menu.html,http://docsouth.unc.edu/full-text/church-southern-black-community/data/texts/neh-ferrill-ferrill.txt
neh-dsmith-dsmith.xml,David  Smith,"Biography of Rev. David Smith of the A. M. E. Church; Being a Complete History, Embracing over Sixty Years' Labor in the Advancement of the Redeemer's Kingdom on Earth. Including ""The History of the Origin and Development of Wilberforce University.""", 1881,http://docsouth.unc.edu/neh/dsmith/menu.html,http://docsouth.unc.edu/full-text/church-southern-black-community/data/texts/neh-dsmith-dsmith.txt
neh-whitegeo-whitegeo.xml,George  White,"A Brief Account of the Life, Experience, Travels, and Gospel Labours of George White, an African; Written by Himself, and Revised by a Friend",1810,http://docsouth.unc.edu/neh/whitegeo/menu.html,http://docsouth.unc.edu/full-text/church-southern-black-community/data/texts/neh-whitegeo-whitegeo.txt
church-stringfellow-stringfellow.xml,Thornton  Stringfellow,"A Brief Examination of Scripture Testimony on the Institution of Slavery, in an Essay, First Published in the Religious Herald, and Republished by Request: With Remarks on a Letter of Elder Galusha, of New York, to Dr. R. Fuller, of South Carolina", 1850,http://docsouth.unc.edu/church/stringfellow/menu.html,http://docsouth.unc.edu/full-text/church-southern-black-community/data/texts/church-stringfellow-stringfellow.txt
fpn-ferebee-ferebee.xml,L. R. Ferebee,"A Brief History of the Slave Life of Rev. L. R. Ferebee, and the Battles of Life, and Four Years of His Ministerial Life. Written from Memory. To 1882",1882,http://docsouth.unc.edu/fpn/ferebee/menu.html,http://docsouth.unc.edu/full-text/church-southern-black-community/data/texts/fpn-ferebee-ferebee.txt
neh-tilmon-tilmon.xml,Levin  Tilmon,A Brief Miscellaneous Narrative of the More Early Part of the Life of L. Tilmon: Pastor of a Colored Methodist Congregational Church in the City of New York,1853,http://docsouth.unc.edu/neh/tilmon/menu.html,http://docsouth.unc.edu/full-text/church-southern-black-community/data/texts/neh-tilmon-tilmon.txt
neh-nicholson-nicholson.xml,Alfred W. Nicholson,Brief Sketch of the Life and Labors of Rev. Alexander Bettis. Also an Account of the Founding and Development of the Bettis Academy,1913,http://docsouth.unc.edu/neh/nicholson/menu.html,http://docsouth.unc.edu/full-text/church-southern-black-community/data/texts/neh-nicholson-nicholson.txt
church-capers-capers.xml,William  Capers,Catechism for the Use of Methodist Missions. First Part,1853,http://docsouth.unc.edu/church/capers/menu.html,http://docsouth.unc.edu/full-text/church-southern-black-community/data/texts/church-capers-capers.txt
imls-catechisms-catechsl.xml,  Protestant Episcopal Church in the Confederate States of America,A Catechism to Be Taught Orally To Those Who Cannot Read; Designed Especially for the Instruction of the Slaves, 1862,http://docsouth.unc.edu/imls/catechisms/menu.html,http://docsouth.unc.edu/full-text/church-southern-black-community/data/texts/imls-catechisms-catechsl.txt
church-butsch-butsch.xml,Joseph  Butsch,Catholics and the Negro,1917,http://docsouth.unc.edu/church/butsch/menu.html,http://docsouth.unc.edu/full-text/church-southern-black-community/data/texts/church-butsch-butsch.txt
church-wright-wright.xml,Richard R. Wright,"Centennial Encyclopaedia of the African Methodist Episcopal Church. Containing Principally the Biographies of the Men and Women, both Ministers and Laymen, Whose Labors During a Hundred Years, Helped Make the A. M. E. Church What It Is; Also Short Historical 
Sketches of Annual Conferences, Educational Institutions, General Departments, Missionary Societies of the A. M. E. Church, and General Information about 
African Methodism and the Christian Church in General; Being a Literary Contribution to the Celebration of the One Hundredth Anniversary 
of the Formation of the African Methodist Episcopal Church Denomination by Richard Allen and others, at Philadelphia, Penna., in 1816", 1916,http://docsouth.unc.edu/church/wright/menu.html,http://docsouth.unc.edu/full-text/church-southern-black-community/data/texts/church-wright-wright.txt
church-turnercivil-turner.xml,Henry McNeal Turner,"Civil Rights. The Outrage of the Supreme Court of the United States upon the Black Man. Reviewed in a Reply to the New York ""Voice,"" the Great Temperance Paper of the United States.",1889,http://docsouth.unc.edu/church/turnercivil/menu.html,http://docsouth.unc.edu/full-text/church-southern-black-community/data/texts/church-turnercivil-turner.txt
church-bourne-bourne.xml,George  Bourne,"A Condensed Anti-slavery Bible Argument, by a Citizen of Virginia",1845,http://docsouth.unc.edu/church/bourne/menu.html,http://docsouth.unc.edu/full-text/church-southern-black-community/data/texts/church-bourne-bourne.txt
neh-turner-turner.xml,Nat  Turner,"The Confessions of Nat Turner, the Leader of the Late Insurrection in Southampton, Va.",1831,http://docsouth.unc.edu/neh/turner/menu.html,http://docsouth.unc.edu/full-text/church-southern-black-community/data/texts/neh-turner-turner.txt
church-waymancyc-wayman.xml,A. W. Wayman,Cyclopaedia of African Methodism,1882,http://docsouth.unc.edu/church/waymancyc/menu.html,http://docsouth.unc.edu/full-text/church-southern-black-community/data/texts/church-waymancyc-wayman.txt
church-boothe-boothe.xml,Charles Octavius Boothe,The Cyclopedia of the Colored Baptists of Alabama: Their Leaders and Their Work.,1895,http://docsouth.unc.edu/church/boothe/menu.html,http://docsouth.unc.edu/full-text/church-southern-black-community/data/texts/church-boothe-boothe.txt
church-aump-aump.xml,  African Union Methodist Protestant Church (U.S.),The Doctrine &amp; Discipline of the African Union First Colored Methodist Protestant Church of the United States of America or Elsewhere,1871,http://docsouth.unc.edu/church/aump/menu.html,http://docsouth.unc.edu/full-text/church-southern-black-community/data/texts/church-aump-aump.txt
church-ame-ame.xml,  African Methodist Episcopal Church,The Doctrines and Discipline of the African Methodist Episcopal Church.,1817,http://docsouth.unc.edu/church/ame/menu.html,http://docsouth.unc.edu/full-text/church-southern-black-community/data/texts/church-ame-ame.txt
neh-arter-arter.xml,Jared Maurice Arter,Echoes from a Pioneer Life,1922,http://docsouth.unc.edu/neh/arter/menu.html,http://docsouth.unc.edu/full-text/church-southern-black-community/data/texts/neh-arter-arter.txt
church-dubois07-dubois.xml,W. E. B. Du Bois,"Economic Co-operation among Negro Americans. Report of a Study made by Atlanta University, under the Patronage of the Carnegie Institution of Washington, D.C., together with the Proceedings of the 12th Conference for the Study of the Negro Problems, held at Atlanta University, on Tuesday, May the 28th, 1907",1907,http://docsouth.unc.edu/church/dubois07/menu.html,http://docsouth.unc.edu/full-text/church-southern-black-community/data/texts/church-dubois07-dubois.txt
neh-eliza2-eliza2.xml,  Elizabeth,"Elizabeth, a Colored Minister of the Gospel Born in Slavery", 1889,http://docsouth.unc.edu/neh/eliza2/menu.html,http://docsouth.unc.edu/full-text/church-southern-black-community/data/texts/neh-eliza2-eliza2.txt
church-richings-richings.xml,G. F. Richings,Evidences of Progress among Colored People,1902,http://docsouth.unc.edu/church/richings/menu.html,http://docsouth.unc.edu/full-text/church-southern-black-community/data/texts/church-richings-richings.txt
church-brookswh-brooks.xml,Walter H. Brooks,The Evolution of the Negro Baptist Church.,1922,http://docsouth.unc.edu/church/brookswh/menu.html,http://docsouth.unc.edu/full-text/church-southern-black-community/data/texts/church-brookswh-brooks.txt
church-baysermons-baysmore.xml,Joseph  Baysmore,"""Falling from Grace,"" ""Baptism,"" and ""Predestination;"" Sermons by Elder Joseph Baysmore, of Weldon, N. C. to which is Added His Lecture on Humanity.",1878,http://docsouth.unc.edu/church/baysermons/menu.html,http://docsouth.unc.edu/full-text/church-southern-black-community/data/texts/church-baysermons-baysmore.txt
church-steward-steward.xml,T. G. Steward,Fifty Years in the Gospel Ministry from 1864 to 1914. Twenty-seven Years in the Pastorate; Sixteen Years' Active Service as Chaplain in the U. S. Army; Seven Years Professor in Wilberforce University; Two Trips to Europe; A Trip in Mexico.,1921?],http://docsouth.unc.edu/church/steward/menu.html,http://docsouth.unc.edu/full-text/church-southern-black-community/data/texts/church-steward-steward.txt
church-simms-simms.xml,James M. Simms,"The First Colored Baptist Church in North America. Constituted at Savannah, Georgia, January 20, A.D. 1788. With Biographical Sketches of the Pastors.",1888,http://docsouth.unc.edu/church/simms/menu.html,http://docsouth.unc.edu/full-text/church-southern-black-community/data/texts/church-simms-simms.txt
church-cromwell-cromwell.xml,John W. Cromwell,The First Negro Churches in the District of Columbia,1922,http://docsouth.unc.edu/church/cromwell/menu.html,http://docsouth.unc.edu/full-text/church-southern-black-community/data/texts/church-cromwell-cromwell.txt
church-tourgee-tourgee.xml,Albion Winegar Tourg&#xe9;e,A Fool's Errand. By One of the Fools,1879,http://docsouth.unc.edu/church/tourgee/menu.html,http://docsouth.unc.edu/full-text/church-southern-black-community/data/texts/church-tourgee-tourgee.txt
church-sherwood-sherwood.xml,Henry Noble Sherwood,"The Formation of the American Colonization Society. From the Journal of Negro History 2, no. 3 (July 1917), 209-228",1917,http://docsouth.unc.edu/church/sherwood/menu.html,http://docsouth.unc.edu/full-text/church-southern-black-community/data/texts/church-sherwood-sherwood.txt
church-ames-ames.xml,Mary  Ames,From a New England Woman's Diary in Dixie in 1865,1906,http://docsouth.unc.edu/church/ames/menu.html,http://docsouth.unc.edu/full-text/church-southern-black-community/data/texts/church-ames-ames.txt
fpn-robinson-robinson.xml,William H. Robinson,"From Log Cabin to the Pulpit, or, Fifteen Years in Slavery",1913,http://docsouth.unc.edu/fpn/robinson/menu.html,http://docsouth.unc.edu/full-text/church-southern-black-community/data/texts/fpn-robinson-robinson.txt
neh-randolph-randolph.xml,Peter  Randolph,From Slave Cabin to the Pulpit. The Autobiography of Rev. Peter Randolph: the Southern Question Illustrated and Sketches of Slave Life,1893,http://docsouth.unc.edu/neh/randolph/menu.html,http://docsouth.unc.edu/full-text/church-southern-black-community/data/texts/neh-randolph-randolph.txt
neh-heard-heard.xml,William H. Heard,From Slavery to the Bishopric in the A.M.E. Church. An Autobiography,1928,http://docsouth.unc.edu/neh/heard/menu.html,http://docsouth.unc.edu/full-text/church-southern-black-community/data/texts/neh-heard-heard.txt
church-turnerpolity-turner.xml,Henry McNeal Turner,"The Genius and Theory of Methodist Polity, or the Machinery of Methodism. Practically Illustrated through a Series of Questions and Answers",[1885],http://docsouth.unc.edu/church/turnerpolity/menu.html,http://docsouth.unc.edu/full-text/church-southern-black-community/data/texts/church-turnerpolity-turner.txt
church-armstrong-armstrong.xml,M. F. Armstrong,"Hampton and Its Students. By Two of Its Teachers, Mrs. M. F. Armstrong and Helen W. Ludlow. With Fifty Cabin and Plantation Songs, Arranged by Thomas P. Fenner",1874,http://docsouth.unc.edu/church/armstrong/menu.html,http://docsouth.unc.edu/full-text/church-southern-black-community/data/texts/church-armstrong-armstrong.txt
church-harris-harris.xml,  African Methodist Episcopal Zion Church,Historical Catechism of the A. M. E. Zion Church. For Use in Families and Sunday Schools.,1922,http://docsouth.unc.edu/church/harris/menu.html,http://docsouth.unc.edu/full-text/church-southern-black-community/data/texts/church-harris-harris.txt
church-baysmore-baysmore.xml,Joseph  Baysmore,"A Historical Sketch of the First Colored Baptist Church Weldon, N. C., With the Life and Labor of Elder Joseph Baysmore, with Four Collected Sermons, First: The Harmony of the Law and Gospel. Second: Subject of the Pure in Heart. Third: How We Were Made Sinners and How We Were Redeemed from Sin and Made Heirs of God by His Love. Fourth: The Confirmation of Christian Faith.",1887,http://docsouth.unc.edu/church/baysmore/menu.html,http://docsouth.unc.edu/full-text/church-southern-black-community/data/texts/church-baysmore-baysmore.txt
church-butt-butt.xml,Israel L. Butt,"History of African Methodism in Virginia, or Four Decades in the Old Dominion",1908,http://docsouth.unc.edu/church/butt/menu.html,http://docsouth.unc.edu/full-text/church-southern-black-community/data/texts/church-butt-butt.txt
church-hicks-hicks.xml,William  Hicks,History of Louisiana Negro Baptists from 1804 to 1914,[1915],http://docsouth.unc.edu/church/hicks/menu.html,http://docsouth.unc.edu/full-text/church-southern-black-community/data/texts/church-hicks-hicks.txt
neh-latta-latta.xml,M. L. Latta,"The History of My Life and Work. Autobiography by Rev. M. L. Latta, A.M., D.D.",[1903],http://docsouth.unc.edu/neh/latta/menu.html,http://docsouth.unc.edu/full-text/church-southern-black-community/data/texts/neh-latta-latta.txt
church-moorej-moore.xml,John Jamison Moore,"History of the A. M. E. Zion Church in America. Founded in 1796, in the City of New York",1884,http://docsouth.unc.edu/church/moorej/menu.html,http://docsouth.unc.edu/full-text/church-southern-black-community/data/texts/church-moorej-moore.txt
church-cannon-cannon.xml,Noah Calwell W. Cannon,"A History of the African Methodist Episcopal Church, the Only One in the United States of America, Styled Bethel Church",1842,http://docsouth.unc.edu/church/cannon/menu.html,http://docsouth.unc.edu/full-text/church-southern-black-community/data/texts/church-cannon-cannon.txt
church-cssmith-smith.xml,C. S. Smith,"A History of the African Methodist Episcopal Church: Being a Volume Supplemental to A History of the African Methodist Episcopal Church, by Daniel Alexander Payne, D.D., LL.D., Late One of Its Bishops: Chronicling the Principal Events in the Advance of the African Methodist Episcopal Church from 1856 to 1922",1922,http://docsouth.unc.edu/church/cssmith/menu.html,http://docsouth.unc.edu/full-text/church-southern-black-community/data/texts/church-cssmith-smith.txt
church-payne-payne.xml,Daniel Alexander Payne,History of the African Methodist Episcopal Church.,1891,http://docsouth.unc.edu/church/payne/menu.html,http://docsouth.unc.edu/full-text/church-southern-black-community/data/texts/church-payne-payne.txt
church-russell-russell.xml,Daniel J. Russell,History of the African Union Methodist Protestant Church,1920,http://docsouth.unc.edu/church/russell/menu.html,http://docsouth.unc.edu/full-text/church-southern-black-community/data/texts/church-russell-russell.txt
church-bragg-bragg.xml,George F. Bragg,History of the Afro-American Group of the Episcopal Church, 1922,http://docsouth.unc.edu/church/bragg/menu.html,http://docsouth.unc.edu/full-text/church-southern-black-community/data/texts/church-bragg-bragg.txt
church-phillips-phillips.xml,C. H. Phillips,"The History of the Colored Methodist Episcopal Church in America: Comprising Its Organization, Subsequent Development and Present Status",1925,http://docsouth.unc.edu/church/phillips/menu.html,http://docsouth.unc.edu/full-text/church-southern-black-community/data/texts/church-phillips-phillips.txt
church-love-love.xml,Emanuel King Love,"History of the First African Baptist Church, from its Organization, January 20th, 1788, to July 1st, 1888. Including the Centennial Celebration, Addresses, Sermons, etc.",1888,http://docsouth.unc.edu/church/love/menu.html,http://docsouth.unc.edu/full-text/church-southern-black-community/data/texts/church-love-love.txt
neh-leewilliam-lee.xml,William Mack Lee,History of the Life of Rev. Wm. Mack Lee: Body Servant of General Robert E. Lee Through the Civil War: Cook from 1861 to 1865,c1918,http://docsouth.unc.edu/neh/leewilliam/menu.html,http://docsouth.unc.edu/full-text/church-southern-black-community/data/texts/neh-leewilliam-lee.txt
church-whitted-whitted.xml,J. A. Whitted,A History of the Negro Baptists of North Carolina,1908,http://docsouth.unc.edu/church/whitted/menu.html,http://docsouth.unc.edu/full-text/church-southern-black-community/data/texts/church-whitted-whitted.txt
church-woodson-woodson.xml,Carter Godwin Woodson,The History of the Negro Church,c1921,http://docsouth.unc.edu/church/woodson/menu.html,http://docsouth.unc.edu/full-text/church-southern-black-community/data/texts/church-woodson-woodson.txt
church-moore-moore.xml,Joanna P. Moore,"""In Christ's Stead"": Autobiographical Sketches",c1902,http://docsouth.unc.edu/church/moore/menu.html,http://docsouth.unc.edu/full-text/church-southern-black-community/data/texts/church-moore-moore.txt
nc-chavis-chavis.xml,Stephen Beauregard Weeks,John Chavis. Antebellum Negro Preacher and Teacher,1914,http://docsouth.unc.edu/nc/chavis/menu.html,http://docsouth.unc.edu/full-text/church-southern-black-community/data/texts/nc-chavis-chavis.txt
church-hatcher-hatcher.xml,William E. Hatcher,John Jasper: The Unmatched Negro Philosopher and Preacher, c1908,http://docsouth.unc.edu/church/hatcher/menu.html,http://docsouth.unc.edu/full-text/church-southern-black-community/data/texts/church-hatcher-hatcher.txt
church-houston-houston.xml,G. David Houston,"John Woolman's Efforts in Behalf of Freedom. From the Journal of Negro History 2, no. 2 (April 1917), 126-138",1917,http://docsouth.unc.edu/church/houston/menu.html,http://docsouth.unc.edu/full-text/church-southern-black-community/data/texts/church-houston-houston.txt
church-smith-smith.xml,William A. Smith,Lectures on the Philosophy and Practice of Slavery as Exhibited in the Institution of Domestic Slavery in the United States; With the Duties of Masters to Slaves, 1856,http://docsouth.unc.edu/church/smith/menu.html,http://docsouth.unc.edu/full-text/church-southern-black-community/data/texts/church-smith-smith.txt
church-williams-williams.xml,Alfred Brockenbrough Williams,"The Liberian Exodus. An Account of the Voyage of the First Emigrants in the Bark ""Azor,"" and Their Reception at Monrovia, with a Description of Liberia--Its Customs and Civilization, Romances and Prospects",1878,http://docsouth.unc.edu/church/williams/menu.html,http://docsouth.unc.edu/full-text/church-southern-black-community/data/texts/church-williams-williams.txt
church-liberian-liberian.xml,"  Liberian Exodus Association (Charleston, S. C.)","The Liberian Exodus. First Voyage of the Azor. Liberia a Delightful Country. Climate, Soil and Productions. Character of the People in Liberia; and How They Live. Full Information of the Exodus Movement.",1878,http://docsouth.unc.edu/church/liberian/menu.html,http://docsouth.unc.edu/full-text/church-southern-black-community/data/texts/church-liberian-liberian.txt
neh-marrs-marrs.xml,Elijah P. Marrs,"Life and History of the Rev. Elijah P. Marrs, First Pastor of Beargrass Baptist Church, and Author",1885,http://docsouth.unc.edu/neh/marrs/menu.html,http://docsouth.unc.edu/full-text/church-southern-black-community/data/texts/neh-marrs-marrs.txt
neh-jasper-jasper.xml,Edwin Archer Randolph,"The Life of Rev. John Jasper, Pastor of Sixth Mt. Zion Baptist Church, Richmond, Va., from His Birth to the Present Time, with His Theory on the Rotation of the Sun",1884,http://docsouth.unc.edu/neh/jasper/menu.html,http://docsouth.unc.edu/full-text/church-southern-black-community/data/texts/neh-jasper-jasper.txt
neh-greena-greena.xml,A. R. Green,"The Life of the Rev. Dandridge F. Davis, of the African M. E. Church. With a Brief Account of His Conversion and Ministerial Labors, from August 1834, till March 1847. Also, a Brief Sketch of the Life of the Rev. David Conyou, of the A. M. E. C. and His Ministerial Labors. To Which Is Annexed the Funeral Discourse Delivered at the Ohio Conference, in Zanesville, on the Decease of the Rev. D. F. Davis, by the Author",1850,http://docsouth.unc.edu/neh/greena/menu.html,http://docsouth.unc.edu/full-text/church-southern-black-community/data/texts/neh-greena-greena.txt
neh-greenew-greenew.xml,Elisha Winfield Green,"Life of the Rev. Elisha W. Green, One of the Founders of the Kentucky Normal and Theological Institute--Now the State University at Louisville; Eleven Years Moderator of the Mt. Zion Baptist Association; Five Years Moderator of the Consolidated Baptist Educational Association and Over Thirty Years Pastor of the Colored Baptist Churches of Maysville and Paris. Written by Himself.",1888,http://docsouth.unc.edu/neh/greenew/menu.html,http://docsouth.unc.edu/full-text/church-southern-black-community/data/texts/neh-greenew-greenew.txt
neh-allen-allen.xml,Richard  Allen,"The Life, Experience, and Gospel Labours of the Rt. Rev. Richard Allen. To Which is Annexed the Rise and Progress of the African Methodist Episcopal Church in the United States of America. Containing a Narrative of the Yellow Fever in the Year of Our Lord 1793: With an Address to the People of Colour in the United States",1833,http://docsouth.unc.edu/neh/allen/menu.html,http://docsouth.unc.edu/full-text/church-southern-black-community/data/texts/neh-allen-allen.txt
neh-jeajohn-jeajohn.xml,John  Jea,"The Life, History, and Unparalleled Sufferings of John Jea, the African Preacher. Compiled and Written by Himself",[1811],http://docsouth.unc.edu/neh/jeajohn/menu.html,http://docsouth.unc.edu/full-text/church-southern-black-community/data/texts/neh-jeajohn-jeajohn.txt
church-brawleyld-brawley.xml,Benjamin Griffith Brawley,"Lorenzo Dow. From The Journal of Negro History 1, no. 3 (July 1916), 265-275",1916,http://docsouth.unc.edu/church/brawleyld/menu.html,http://docsouth.unc.edu/full-text/church-southern-black-community/data/texts/church-brawleyld-brawley.txt
church-fisher-fisher.xml,Miles Mark Fisher,"Lott Cary, the Colonizing Missionary",1922,http://docsouth.unc.edu/church/fisher/menu.html,http://docsouth.unc.edu/full-text/church-southern-black-community/data/texts/church-fisher-fisher.txt
church-convocation-convocation.xml,  Episcopal Church. Diocese of North Carolina. Convocation of the Colored People,Memorial of the Convocation of the Colored People in the Diocese of North Carolina Presented to the Diocesan Convention of 1916.,1916,http://docsouth.unc.edu/church/convocation/menu.html,http://docsouth.unc.edu/full-text/church-southern-black-community/data/texts/church-convocation-convocation.txt
church-hartzell-hartzell.xml,Joseph C. Hartzell,"Methodism and the Negro in the United States. From The Journal of Negro History 8, no. 3 (July 1923), 301-315.",1923,http://docsouth.unc.edu/church/hartzell/menu.html,http://docsouth.unc.edu/full-text/church-southern-black-community/data/texts/church-hartzell-hartzell.txt
church-stowell-stowell.xml,Jay S. Stowell,Methodist Adventures in Negro Education,[c1922],http://docsouth.unc.edu/church/stowell/menu.html,http://docsouth.unc.edu/full-text/church-southern-black-community/data/texts/church-stowell-stowell.txt
church-kenan1925-kenan.xml,  Kenansville Eastern Missionary Baptist Association,"Minutes of the Fifty-Fifth Annual Session of the Kenansville Eastern Missionary Baptist Association, Held with The Hill's Chapel Baptist Church Faison, Duplin Co., N. C. Rev. A. B. McPhail, Acting Pastor. October 15, 16, 17, and 18th 1925.",1926,http://docsouth.unc.edu/church/kenan1925/menu.html,http://docsouth.unc.edu/full-text/church-southern-black-community/data/texts/church-kenan1925-kenan.txt
church-kenan1919-kenan.xml,  Kenansville Eastern Missionary Baptist Association,"Minutes of the Forty-Ninth Annual Session of the Kenansville Eastern Missionary Baptist Association, Held with Pilgrim's Rest Baptist Church, Kerr, Sampson County, N. C., October 16, 17, and 18, 1919.",1920,http://docsouth.unc.edu/church/kenan1919/menu.html,http://docsouth.unc.edu/full-text/church-southern-black-community/data/texts/church-kenan1919-kenan.txt
church-kembssc-kenan.xml,  Kenansville Eastern Missionary Baptist Sunday School Convention,"Minutes of the Thirty-Ninth Annual Session of the Kenansville Eastern Missionary Baptist Sunday School Convention, Held with Poplar Grove Missionary Baptist Sunday School, July 18th to 20th, 1919.",1920,http://docsouth.unc.edu/church/kembssc/menu.html,http://docsouth.unc.edu/full-text/church-southern-black-community/data/texts/church-kembssc-kenan.txt
church-morals-dubois.xml,W. E. B. Du Bois,"Morals and Manners among Negro Americans. Report of a Study Made by Atlanta University under the Patronage of the Trustees of the John F. Slater Fund; with the Proceedings of the 18th Annual Conference for the Study of the Negro Problems, held at Atlanta University, on Monday, May 26th, 1913.",1914,http://docsouth.unc.edu/church/morals/menu.html,http://docsouth.unc.edu/full-text/church-southern-black-community/data/texts/church-morals-dubois.txt
imls-wilson-wilson.xml,Joseph R. Wilson,"Mutual Relation of Masters and Slaves as Taught in the Bible: A Discourse Preached in the First Presbyterian Church, Augusta, Georgia, on Sabbath Morning, Jan. 6, 1861",1861,http://docsouth.unc.edu/imls/wilson/menu.html,http://docsouth.unc.edu/full-text/church-southern-black-community/data/texts/imls-wilson-wilson.txt
neh-walters-walters.xml,Alexander  Walters,My Life and Work, [c1917],http://docsouth.unc.edu/neh/walters/menu.html,http://docsouth.unc.edu/full-text/church-southern-black-community/data/texts/neh-walters-walters.txt
church-wayman-wayman.xml,A. W. Wayman,"My Recollections of African M. E. Ministers, or Forty Years' Experience in the African Methodist Episcopal Church",1881,http://docsouth.unc.edu/church/wayman/menu.html,http://docsouth.unc.edu/full-text/church-southern-black-community/data/texts/church-wayman-wayman.txt
neh-offley-offley.xml,G. W. Offley,"A Narrative of the Life and Labors of the Rev. G. W. Offley, a Colored Man, Local Preacher and Missionary; Who Lived Twenty-Seven Years at the South and Twenty-Three at the North; Who Never Went to School a Day in His Life, and Only Commenced to Learn His Letters When Nineteen Years and Eight Months Old; the Emancipation of His Mother and Her Three Children; How He Learned to Read While Living in a Slave State, and Supported Himself from the Time He Was Nine Years Old Until He Was Twenty-One", 1859,http://docsouth.unc.edu/neh/offley/menu.html,http://docsouth.unc.edu/full-text/church-southern-black-community/data/texts/neh-offley-offley.txt
neh-davisn-davis.xml,Noah  Davis,"A Narrative of the Life of Rev. Noah Davis, a Colored Man. Written by Himself, at the Age of Fifty-Four", 1859,http://docsouth.unc.edu/neh/davisn/menu.html,http://docsouth.unc.edu/full-text/church-southern-black-community/data/texts/neh-davisn-davis.txt
church-gaines-gaines.xml,W. J. Gaines,The Negro and the White Man,1897,http://docsouth.unc.edu/church/gaines/menu.html,http://docsouth.unc.edu/full-text/church-southern-black-community/data/texts/church-gaines-gaines.txt
church-negrochurch-dubois.xml,W. E. B. Du Bois,"The Negro Church. Report of a Social Study Made under the Direction of Atlanta University; Together with the Proceedings of the Eighth Conference for the Study of the Negro Problems, held at Atlanta University, May 26th, 1903",1903,http://docsouth.unc.edu/church/negrochurch/menu.html,http://docsouth.unc.edu/full-text/church-southern-black-community/data/texts/church-negrochurch-dubois.txt
church-washdubo-washington.xml,Booker T. Washington,"The Negro in the South, His Economic Progress in Relation to His Moral and Religious Development; Being the William Levi Bull Lectures for the Year 1907.",1907,http://docsouth.unc.edu/church/washdubo/menu.html,http://docsouth.unc.edu/full-text/church-southern-black-community/data/texts/church-washdubo-washington.txt
church-hamilton-hamilton.xml,James  Hamilton,"Negro Plot: An Account of the Late Intended Insurrection among a Portion of the Blacks of the City of Charleston, South Carolina", 1822,http://docsouth.unc.edu/church/hamilton/menu.html,http://docsouth.unc.edu/full-text/church-southern-black-community/data/texts/church-hamilton-hamilton.txt
imls-warren-warren.xml,Ebenezer W. Warren,"Nellie Norton: or, Southern Slavery and the Bible. A Scriptural Refutation of the Principal Arguments upon which the Abolitionists Rely. A Vindication of Southern Slavery from the Old and New Testaments.",1864,http://docsouth.unc.edu/imls/warren/menu.html,http://docsouth.unc.edu/full-text/church-southern-black-community/data/texts/imls-warren-warren.txt
church-carter-carter.xml,Eugene J. Carter,Once a Methodist; Now a Baptist. Why?,1905,http://docsouth.unc.edu/church/carter/menu.html,http://docsouth.unc.edu/full-text/church-southern-black-community/data/texts/church-carter-carter.txt
church-hood100-hood.xml,J. W. Hood,"One Hundred Years of the African Methodist Episcopal Zion Church; or, The Centennial of African Methodism.",1895,http://docsouth.unc.edu/church/hood100/menu.html,http://docsouth.unc.edu/full-text/church-southern-black-community/data/texts/church-hood100-hood.txt
church-haygood-haygood.xml,Atticus G. Haygood,Our Brother in Black: His Freedom and His Future, 1881,http://docsouth.unc.edu/church/haygood/menu.html,http://docsouth.unc.edu/full-text/church-southern-black-community/data/texts/church-haygood-haygood.txt
church-pius-pius.xml,N. H. Pius,An Outline of Baptist History: A Splendid Reference for Busy Workers: A Record of the Struggles and Triumphs of Baptist Pioneers and Builders,1941?],http://docsouth.unc.edu/church/pius/menu.html,http://docsouth.unc.edu/full-text/church-southern-black-community/data/texts/church-pius-pius.txt
neh-jeter-jeter.xml,Henry N. Jeter,"Pastor Henry N. Jeter's Twenty-five Years Experience with the Shiloh Baptist Church and Her History. Corner School and Mary Streets, Newport, R. I.",1901,http://docsouth.unc.edu/neh/jeter/menu.html,http://docsouth.unc.edu/full-text/church-southern-black-community/data/texts/neh-jeter-jeter.txt
neh-long-long.xml,John Dixon Long,"Pictures of Slavery in Church and State; Including Personal Reminiscences, Biographical Sketches, Anecdotes, etc. etc.  with an Appendix, Containing the Views of John Wesley and Richard Watson on Slavery",1857,http://docsouth.unc.edu/neh/long/menu.html,http://docsouth.unc.edu/full-text/church-southern-black-community/data/texts/neh-long-long.txt
church-hamiltonf-hamilton.xml,F. M. Hamilton,"A Plain Account of the Colored Methodist Episcopal Church in America. Being an Outline of Her History and Polity; Also, Her Prospective Work.",1887,http://docsouth.unc.edu/church/hamiltonf/menu.html,http://docsouth.unc.edu/full-text/church-southern-black-community/data/texts/church-hamiltonf-hamilton.txt
church-newbern1923-newbern.xml,  New Bern Eastern Missionary Baptist Association of North Carolina,"Proceedings of the 58th Annual Session of the New Bern Eastern M. B. Association of North Carolina Held with Mt. Sinai Baptist Church, Stonewall, N. C. October 18th to 21st, 1923",[1924],http://docsouth.unc.edu/church/newbern1923/menu.html,http://docsouth.unc.edu/full-text/church-southern-black-community/data/texts/church-newbern1923-newbern.txt
church-newbern1924-newbern.xml,  New Bern Eastern Missionary Baptist Association of North Carolina,"Proceedings of the 59th Annual Session of the New Bern Eastern M. B. Association of North Carolina Held with St. Luke M. B. Church, Morehead City, N. C. October 16th to 19th, 1924",[1925],http://docsouth.unc.edu/church/newbern1924/menu.html,http://docsouth.unc.edu/full-text/church-southern-black-community/data/texts/church-newbern1924-newbern.txt
church-newbern1919-newbern.xml,  New Bern Eastern Missionary Baptist Association of North Carolina,"Proceedings of the Fifty-Fourth Annual Session of the Newbern Eastern Missionary Baptist Association of North Carolina Held with the Saint Luke Baptist Church Morehead City, N. C. Oct. 16-19, 1919",1919?],http://docsouth.unc.edu/church/newbern1919/menu.html,http://docsouth.unc.edu/full-text/church-southern-black-community/data/texts/church-newbern1919-newbern.txt
church-newbern1918-newbern.xml,  New Bern Eastern Missionary Baptist Association of North Carolina,"Proceedings of the Fifty-Third Annual Session of the Newbern Eastern Missionary Baptist Association of North Carolina Held with the Bethel Baptist Church Edwards, N. C. Nov. 28-30 and Dec. 1, 1918",1918?],http://docsouth.unc.edu/church/newbern1918/menu.html,http://docsouth.unc.edu/full-text/church-southern-black-community/data/texts/church-newbern1918-newbern.txt
church-zion-zion.xml,  Baptist Daughters of Zion Auxiliary,"Proceedings of the Forty-Third Annual Session of the Baptist Daughters of Zion Auxiliary Held with the First Baptist Church, Garland, N. C., August 4, 5, 6, 7, 1921.",1922,http://docsouth.unc.edu/church/zion/menu.html,http://docsouth.unc.edu/full-text/church-southern-black-community/data/texts/church-zion-zion.txt
church-duncan-duncan.xml,Sara J. Duncan,Progressive Missions in the South and Addresses with Illustrations and Sketches of Missionary Workers and Ministers and Bishops' Wives,1906,http://docsouth.unc.edu/church/duncan/menu.html,http://docsouth.unc.edu/full-text/church-southern-black-community/data/texts/church-duncan-duncan.txt
church-payne70-payne.xml,Daniel Alexander Payne,Recollections of Seventy Years,1888,http://docsouth.unc.edu/church/payne70/menu.html,http://docsouth.unc.edu/full-text/church-southern-black-community/data/texts/church-payne70-payne.txt
church-wilson-wilson.xml,G. R. Wilson,"The Religion of the American Negro Slave: His Attitude Toward Life and Death. From The Journal of Negro History, Vol. 8, 1923. p. 41-71",1923,http://docsouth.unc.edu/church/wilson/menu.html,http://docsouth.unc.edu/full-text/church-southern-black-community/data/texts/church-wilson-wilson.txt
church-census-census.xml,  United States. Bureau of the Census.,"Religious Bodies, 1906: [Excerpts Relating to African American Religious Bodies]",1910,http://docsouth.unc.edu/church/census/menu.html,http://docsouth.unc.edu/full-text/church-southern-black-community/data/texts/church-census-census.txt
church-jones-jones.xml,Charles Colcock Jones,The Religious Instruction of the Negroes in the United States,1842,http://docsouth.unc.edu/church/jones/menu.html,http://docsouth.unc.edu/full-text/church-southern-black-community/data/texts/church-jones-jones.txt
neh-loguen-loguen.xml,J. W. Loguen,"The Rev. J. W. Loguen, as a Slave and as a Freeman. A Narrative of Real Life", 1859,http://docsouth.unc.edu/neh/loguen/menu.html,http://docsouth.unc.edu/full-text/church-southern-black-community/data/texts/neh-loguen-loguen.txt
church-grimke-grimke.xml,Archibald Henry Grimk&#xe9;,"Right on the Scaffold, or The Martyrs of 1822",1901,http://docsouth.unc.edu/church/grimke/menu.html,http://docsouth.unc.edu/full-text/church-southern-black-community/data/texts/church-grimke-grimke.txt
church-johnson-johnson.xml,Edward A. Johnson,"A School History of the Negro Race in America, from 1619 to 1890, with a Short Introduction as to the Origin of the Race; Also a Short Sketch of Liberia",1890,http://docsouth.unc.edu/church/johnson/menu.html,http://docsouth.unc.edu/full-text/church-southern-black-community/data/texts/church-johnson-johnson.txt
church-handy-handy.xml,James A. Handy,Scraps of African Methodist Episcopal History,1902,http://docsouth.unc.edu/church/handy/menu.html,http://docsouth.unc.edu/full-text/church-southern-black-community/data/texts/church-handy-handy.txt
church-string-string.xml,Thornton  Stringfellow,Scriptural and Statistical Views in Favor of Slavery, 1856,http://docsouth.unc.edu/church/string/menu.html,http://docsouth.unc.edu/full-text/church-southern-black-community/data/texts/church-string-string.txt
church-morris-morris.xml,E. C. Morris,"Sermons, Addresses and Reminiscences and Important Correspondence, With a Picture Gallery of Eminent Ministers and Scholars",1901,http://docsouth.unc.edu/church/morris/menu.html,http://docsouth.unc.edu/full-text/church-southern-black-community/data/texts/church-morris-morris.txt
church-rush-rush.xml,Christopher  Rush,"A Short Account of the Rise and Progress of the African M. E. Church in America, Written by Christopher Rush, Superintendant of the Connexion, with the Aid of George Collins. Also, a Concise View of Church Order or Government, from Scripture, and from Some of the Best Authors on the Subject of Church Government, Relative to Episcopacy.",1866,http://docsouth.unc.edu/church/rush/menu.html,http://docsouth.unc.edu/full-text/church-southern-black-community/data/texts/church-rush-rush.txt
church-brooks-brooks.xml,Walter H. Brooks,The Silver Bluff Church. A History of Negro Baptist Churches in America.,1910,http://docsouth.unc.edu/church/brooks/menu.html,http://docsouth.unc.edu/full-text/church-southern-black-community/data/texts/church-brooks-brooks.txt
church-hood-hood.xml,J. W. Hood,Sketch of the Early History of the African Methodist Episcopal Zion Church with Jubilee Souvenir and Appendix,1914,http://docsouth.unc.edu/church/hood/menu.html,http://docsouth.unc.edu/full-text/church-southern-black-community/data/texts/church-hood-hood.txt
neh-gurley-gurley.xml,Ralph Randolph Gurley,"Sketch of the Life of the Rev. Lott Cary in ""Life of Jehudi Ashmun, Late Colonial Agent in Liberia.  With An Appendix, Containing Extracts from his Journal and Other Writings; With a Brief Sketch of the Life of the Rev. Lott Cary""", 1835,http://docsouth.unc.edu/neh/gurley/menu.html,http://docsouth.unc.edu/full-text/church-southern-black-community/data/texts/neh-gurley-gurley.txt
neh-randol55-randol55.xml,Peter  Randolph,"Sketches of Slave Life: Or, Illustrations of the ""Peculiar Institution"" ",1855,http://docsouth.unc.edu/neh/randol55/menu.html,http://docsouth.unc.edu/full-text/church-southern-black-community/data/texts/neh-randol55-randol55.txt
church-allen-allen.xml,William Francis Allen,Slave Songs of the United States,1867,http://docsouth.unc.edu/church/allen/menu.html,http://docsouth.unc.edu/full-text/church-southern-black-community/data/texts/church-allen-allen.txt
church-duboisau-dubois.xml,W. E. B. Du Bois,"Some Efforts of American Negroes For their Own Social Betterment. Report of an Investigation under the Direction 
of Atlanta University; Together with the Proceedings of the Third Conference for the Study of the Negro Problems, Held at Atlanta University, May 25-26, 1898",1898,http://docsouth.unc.edu/church/duboisau/menu.html,http://docsouth.unc.edu/full-text/church-southern-black-community/data/texts/church-duboisau-dubois.txt
church-talbert-talbert.xml,Horace  Talbert,"The Sons of Allen: Together with a Sketch of the Rise and Progress of Wilberforce University, Wilberforce, Ohio", 1906,http://docsouth.unc.edu/church/talbert/menu.html,http://docsouth.unc.edu/full-text/church-southern-black-community/data/texts/church-talbert-talbert.txt
church-duboissouls-dubois.xml,W. E. B. Du Bois,The Souls of Black Folk; Essays and Sketches,1903,http://docsouth.unc.edu/church/duboissouls/menu.html,http://docsouth.unc.edu/full-text/church-southern-black-community/data/texts/church-duboissouls-dubois.txt
church-wesley-wesley.xml,John  Wesley,"Thoughts upon Slavery in ""A Collection of Religious Tracts.""",1784,http://docsouth.unc.edu/church/wesley/menu.html,http://docsouth.unc.edu/full-text/church-southern-black-community/data/texts/church-wesley-wesley.txt
church-stanford-stanford.xml,P. Thomas Stanford,"The Tragedy of the Negro in America: a Condensed History of the Enslavement, Sufferings, Emancipation, Present Condition and Progress of the Negro Race in the United States of America",1897,http://docsouth.unc.edu/church/stanford/menu.html,http://docsouth.unc.edu/full-text/church-southern-black-community/data/texts/church-stanford-stanford.txt
neh-henson58-henson58.xml,Josiah  Henson,Truth Stranger Than Fiction. Father Henson's Story of His Own Life,1858,http://docsouth.unc.edu/neh/henson58/menu.html,http://docsouth.unc.edu/full-text/church-southern-black-community/data/texts/neh-henson58-henson58.txt
neh-johnson1-johnson.xml,Thomas L. Johnson,"Twenty-Eight Years a Slave, or The Story of My Life in Three Continents",1909,http://docsouth.unc.edu/neh/johnson1/menu.html,http://docsouth.unc.edu/full-text/church-southern-black-community/data/texts/neh-johnson1-johnson.txt
neh-foster-foster.xml,Gustavus L. Foster,"Uncle Johnson, the Pilgrim of Six Score Years",186-?,http://docsouth.unc.edu/neh/foster/menu.html,http://docsouth.unc.edu/full-text/church-southern-black-community/data/texts/neh-foster-foster.txt
church-coppin-coppin.xml,Levi Jenkins Coppin,Unwritten History,c1919,http://docsouth.unc.edu/church/coppin/menu.html,http://docsouth.unc.edu/full-text/church-southern-black-community/data/texts/church-coppin-coppin.txt
church-wheeler-wheeler.xml,B. F. Wheeler,The Varick Family,1906,http://docsouth.unc.edu/church/wheeler/menu.html,http://docsouth.unc.edu/full-text/church-southern-black-community/data/texts/church-wheeler-wheeler.txt
church-cooper-cooper.xml,Anna J. Cooper,A Voice from the South,1892,http://docsouth.unc.edu/church/cooper/menu.html,http://docsouth.unc.edu/full-text/church-southern-black-community/data/texts/church-cooper-cooper.txt
neh-wilkerson-wilkerson.xml,Major James Wilkerson,"Wilkerson's History of His Travels &amp; Labors, in the United States, As a Missionary, in Particular, That of the Union Seminary, Located in Franklin Co., Ohio, Since He Purchased His Liberty in New Orleans, La. &amp;c.",1861,http://docsouth.unc.edu/neh/wilkerson/menu.html,http://docsouth.unc.edu/full-text/church-southern-black-community/data/texts/neh-wilkerson-wilkerson.txt
church-brawley-brawley.xml,Benjamin Griffith Brawley,Women of Achievement: Written for the Fireside Schools Under the Auspices of the Woman's American Baptist Home Mission Society,c1919,http://docsouth.unc.edu/church/brawley/menu.html,http://docsouth.unc.edu/full-text/church-southern-black-community/data/texts/church-brawley-brawley.txt
church-pierre-pierre.xml,C. E. Pierre,The Work of the Society for the Propagation of the Gospel in Foreign Parts among the Negroes in the Colonies,1916,http://docsouth.unc.edu/church/pierre/menu.html,http://docsouth.unc.edu/full-text/church-southern-black-community/data/texts/church-pierre-pierre.txt
